<?xml version="1.0" encoding="UTF-8"?>
<metadata>
    <name>[REP]Expansion Pack:The Glaze Ceremony</name>
    <directory>qing</directory>
    <id>0</id>
    <description>
	[h1]中文版介绍位于后方。详细说明请查看MOD文件夹下的四个document。[/h1]
	[h1]Welcome to my ceremory,friends.[/h1]
	Here, you can follow the pace of Qing, a brand new leading role in the basement, to explore the mysteries hidden under deep below.
	&quot;Bank? It seens so..&quot;
	&quot;Beneath the floor.. something hidden?&quot;
	&quot;Qing, can you help me?&quot;
	&quot;The power of the fefining.. I got it.&quot;
	....
	Here,you will listen to Isaac's heart voicd, seeking succour for your best friend.
	&quot;No! Never! When that boy leave..&quot;
	&quot;Truth manifest itself between virtual and real.&quot;
	&quot;You act like a pawn. I'm wondering why.&quot;
	&quot;Gth amt.asth oellma S&quot;
	&quot;Nice,elegant and perfect.&quot;
	....
	To seek,to lure,to assassinate.Contradiction,entrustment,swooping in the weakness.
	To fool,to deceive,to mentally reform.Disappointment,pain,bearing the price.
	
	With 
	Finally a good end.
	
	[b]Features[/b]
	[list]
	[*] New characters：
		[list]
			[*] Qing:Hand his special dagger dealing damage to any foes.
			[*] W.Qing:Control drones to battle. Protect yourself well!
			[*] Tecro:Prick his spear to impale all foes who dare to stand against him.
			[*] Tecrorun:Transform into a terrifying laser weapon piercing the enemy!
			[*] Anna:Nothing cannot become a weapon! Use a black hole to suck up everything around you and throw it at the enemy!
			[*] AnnA:Attack your enemies through a black hole and use your omnipresence to become their nightmare!
			[*] Zeistos:Based on death certificate level, manipulates the concepts of thinking and items to fight!
		[/list]
	[*] The glaze has immersed the world so deep. A group of new pickups have showed up!
		A lot more decision to make.
	[*] 100+ more items.
	[*] 10+ more challanges.
	[*] 3 new ends.(Yet To Done)
	[*] Achievement system.
	[*] 2 main bosses.2 branch line bosses.(Yet To Done)
	[/list]
	Supports EID,Mod Config Menu,REPENTOGEN and other useful Mods.
	All the Keys mentioned above can be adjusted using Mod Config Menu.
	If you found any bug, you can report it in the discussions using English or Chinese!
	In case of black screen, please refer to the "Black screen bug occurrence and solutions.docx" located under the mod folder. If the problem still cannot be solved, please contact the author or leave a message directly below.
	
	[h1]欢迎来到，即将染上琉璃的世界。[/h1]
	在这里，你将跟随一位新主角小青的脚步，去探索掩藏于地下室深处的秘密。
	“银行？似乎确实有听说过...”
	“木质地板..下面有什么吗？”
	“小青，能帮我个忙吗？”
	“不！我...”
	....
	在这里，你将聆听以撒的心声，为你最好的朋友寻找救济。
	“不！不行..上次之后，我们就已经破产了！”
	“停下！你..你这个纵火狂！”
	“虚与实之间，秘密自然显露。”
	“部已我等们不它及全把经打碎”
	“很好，我喜欢这样的屠杀..”
	....
	寻觅、引诱、任务失败；矛盾、委托、趁虚而入。
	愚弄、欺骗、精神改造；失望、痛苦、承受代价。
	
	但是
	最终一定是好结局。
	为了所有人的幸福，击碎侵染世界的虹彩吧！
	
	[b]特色内容[/b]
	[list]
	[*] 全新的人物：
		[list]
			[*] 万青（表），灵巧地运用短剑带来全新的攻击方式。
			[*] 小青（里），操纵着浮游炮进行战斗。他的心智..还正常吗？
			[*] 泰克罗（表），用长枪贯穿遇见的一切阻碍！再把头颅穿在枪尖！
			[*] 泰克罗·罗恩（里），化身可怕的激光武器穿刺敌人！
			[*] 安娜（表），没有什么不能成为武器！用黑洞吸尽周围的一切事物，然后扔向敌人！
			[*] 安奈（里），通过黑洞空袭你的敌人，利用你的无所不在成为它们的噩梦！
			[*] 泽伊斯托斯（表），以死亡证明为基地，操纵思维与道具的概念来战斗！
		[/list]
	[*] 琉璃正在侵染世界，出现了一组全新的掉落物，以及更多被侵染的事物。
		从硬币到宝箱，一应俱全。
		新人物特色鲜明，大幅提升游戏性！
	[*] 100+个新增道具。
	[*] 10+个新增挑战。
	[*] 50+张卡牌。
	[*] 3个新增结局。
	[*] 完整的成就系统。
	[/list]
	
	[b]关于本模组[/b]
	支持EID、Modconfig menu等泛用mod。
	推荐在中文语言环境下游玩，不能保证英文版本的故事性完全一致。不能保证所有内容都存在英文版本对应。
	小青的瞬移按键Alt、里小青的控制按键Ctrl与Alt均可使用Modconfig menu进行调整。
	
	[b]目前：[/b]
	出现黑屏的情况下，请查看mod文件夹下方的《进入后黑屏的解决办法.docx》。若仍无法解决问题，请联系作者或是直接在下方留言。
	具体的角色、道具描述，可以参考mod文件下的Document。
	
	[b]关于全成就[/b]
	目前，所有解锁内容均已暂时取消。（但成就动画保留）
	使用小青完成结局1。
	使用其他新人物完成全红标志。
	
	[b]一键全成就的方法：[/b]
	在Mod Config Menu中可以一键开启。
	或是：在控制台中输入：Qing Unlockall，即可一键全成就。（不区分大小写）
	
	[h1]更新简述[/h1]
	Version 2.2.4:
	加入了几个新道具（设计稿来自半年前）。
	
	修复了另一些bug。
	
	具体内容请在文件夹下的"更新日志"中查看。
	
	注意！2.2.0版本涉及Shader.xml的内容，请出现异常渲染情况者及时按《进入后黑屏的解决办法.docx》重新处理。
	Attention！Version 2.2.0 inclueds changes about Shader, you may need to reproduce as in "Black screen bug occurrence and solutions.docx".
	Meus 敬上！
	</description>
    <version>2.2.4</version>
    <visibility>Public</visibility>
    <tag id="Lua"/>
    <tag id="Items"/>
    <tag id="Active Items"/>
    <tag id="Cards"/>
    <tag id="Pickups"/>
    <tag id="Player Characters"/>
    <tag id="Familiars"/>
    <tag id="Babies"/>
    <tag id="Enemies"/>
    <tag id="Bosses"/>
    <tag id="Challenges"/>
    <tag id="Shaders"/>
</metadata>
