<locusts gfxroot="gfx/familiar/locusts/">
	<!--
		Color presets
	-->
	<!-- Parameters:
		id - id of the abyssed item
		damageMultiplier - dmg multiplier for the locust
		speed - movement speed of the locust
		collisionInterval - rate of the damage ticks
		tearFlags - tear flags for the locust
		color - color of the locust (chosen from the list previously created in the file)
		scale - size of the locust's hitbox
		gfx - specifies a custom sprite of the locust
		count - amount of locusts spawned at once from the abyssed item
		tearFlags2 - chance based tear flags for the locust
		procChance - determined chance for tearFlags2
		overlayGfx - places an additional sprite on top of the locust
		overlayColor - color of overlayGfx
		backGfx - places an additional sprite behind the locust
		backColor - color of backGfx
	-->
	
	<!-- Working Tear Flags:
		Homing (2)
		Slow (3)
		Poison (4)
		Freeze (5)
		Explosive (12) [bugged]
		Charm (13)
		Confusion (14)
		Fear (20)
		Burn (22)
		Shielded (34)
		Holy Light (39)
		Coin Drop (40)
		Black HP Drop (41)
		God's Flesh (43)
		Greed Coin (44)
		Permament Confusion (47)
		Midas (53)
		Jacobs (55) [bugged]
		Little Horn (56)
		Punch (64)
		Ice (65)
		Magnetize (66)
		Bait (67)
		E. Coli (73)
		Death Coin Drop (74)
		Death Card Drop (79)
		Death Rune Drop (80)
		Teleport (81) [bugged]
	-->
	
	<color name="default" />
	<color name="fly_red" r="768" g="512" b="512" or="0" og="-255" ob="-255"/>
	<color name="fly_green" r="512" g="768" b="512" or="-255" og="0" ob="-255"/>
	<color name="fly_blue" r="512" g="512" b="768" or="-255" og="-255" ob="0"/>
	<color name="fly_yellow" r="1024" g="768" b="512" or="0" og="0" ob="-255"/>
	<color name="fly_orange" r="1024" g="512" b="512" or="0" og="0" ob="-255"/>
	<color name="fly_black" r="255" g="255" b="255"/>
	<color name="fly_dull" r="50" g="50" b="50"/>
	<color name="fly_purple" r="768" g="512" b="1024" or="0" og="-255" ob="0"/>
	<color name="fly_pink" r="1024" g="512" b="768" or="0" og="-255" ob="0"/>
	<color name="fly_cyan" r="680" g="1024" b="1024" or="0" og="0" ob="0"/>
	<color name="fly_white" r="768" g="768" b="768"/>
	<color name="fly_gray" r="384" g="384" b="384"/>
	<color name="fly_brown" r="296" g="204" b="196" or="0" og="0" ob="0" />
	<color name="fly_lightblue" r="680" g="680" b="1024" or="-100" og="0" ob="0"/>
	<color name="fly_tan" r="844" g="752" b="640" or="0" og="0" ob="0"/>
	<color name="fly_lightgreen" r="544" g="916" b="420" or="0" og="0" ob="0"/>
	<color name="fly_pale" r="828" g="624" b="620" or="0" og="0" ob="0"/>
	<color name="fly_darkpurple" r="472" g="284" b="692" or="0" og="-128" ob="0"/>
	
	<!--Blaststone-->
	<locust id="1" color="fly_red"/>
</locusts>